id,title,user_id,body,raw,simple_embedding,is_favorite,created_at,updated_at
8,夜の村の謎,a,"- 夜の村で何かが起きる物語
- すべてがそうじゃなくて、特定の人物だけが関与
- 原因は不明だが、昔の話と関係がある可能性
- 少年がその物語に巻き込まれる",夜の村で何か起きるみたいな感じのやつでも全部がそうじゃなくてなんか選ばれた人だけっていうか理由はまだよくわかんないけど昔の話とか関係あるかもで少年がその中に入ってうーん,"[0.85434866, -0.5196993, -0.0009824898]",True,2025-05-30T07:29:54.664183,2025-05-30T07:29:54.664188
9,夜の狼村,a,"- 山の上にある村で夜になると住人が全員狼になる。
- 選ばれた人々は古代の契約により村を守る。
- 外から来た少年が巻き込まれる物語。",えっと山の上にある村で夜になると住人が全員狼になるとかでいやでも全部じゃなくて一部だけで選ばれた人たちみたいなで理由が古代の契約で村守るためとかそういう感じででもそれありがちかもしれなくてでも外から来た少年が巻き込まれるっていうやつ,"[0.38292426, -0.9058483, 0.18112926]",True,2025-05-30T07:30:06.733663,2025-05-30T07:30:06.733668
10,秘めた契約,a,"- 山の上の村で夜になると住人の一部が狼に変身
- これは古代の契約によるもので村を守るための使命
- 主人公は外部から来た少年で選ばれし者の一人
- 秘密に巻き込まれる物語
- 伝統と現代の対立がテーマ
- 中盤で少年が葛藤する場面を重点的に描く",山の上の村が舞台で夜になると住人の一部が狼に変身するこれは古代の契約によるもので村を守るための使命がある主人公は外部から来た少年で選ばれし者の一人としてその秘密に巻き込まれる物語のテーマは伝統と現代の対立中盤で少年が葛藤する場面を重点的に描く,"[0.7099459, -0.55844766, 0.42908394]",True,2025-05-30T07:30:22.203252,2025-05-30T07:30:22.203258
11,百均生活実験,a,"- 百均で一日生活を試みる企画を考えている
- そのような企画がすでに多いので、買っちゃいけないランキングを作成したい
- 視聴者からランキングを集めて、一番マシだったもの発表
- 炎上しないよう注意",百均のやつだけで一日生活してみる企画やりたいと思っててでもそれって結構あるから逆に買っちゃいけないランキングみたいなやつどうかなって思って視聴者からランキング集めて最後に一番マシだったやつ発表するみたいなオチででも炎上しないように注意したい,"[0.5857794, -0.80571634, -0.08765672]",True,2025-05-30T07:30:36.810835,2025-05-30T07:30:36.810840
12,ログ圧縮の戦略,a,"- ログの圧縮を検討中
- タイミングではなくユーザアクションのパターンで圧縮
- LSTMなどで予測し、外れた部分のみ記録
- ノイズが多いので難しい可能性
- 分析系に活用したい",ログの圧縮なんだけど普通に時系列じゃなくてユーザアクションのパターン検出してそれで圧縮すれば結構いけるんじゃないかと思っててで例えばLSTMとかで予測して外れた部分だけ記録するみたいなでもノイズ多いから無理かなと思ってでも自己注意だったらいけそうでそもそもなんで圧縮したいんだっけ確か分析系に使えると嬉しいはず,"[0.969441, -0.14610016, 0.1970759]",True,2025-05-30T07:30:54.963744,2025-05-30T07:30:54.963749
13,都市のピアノ,a,"- 街角でピアノを弾いていた人を見たときに、日常の中の非日常的な映像を撮りたいと思った。
- テーマは「都市の奇跡」。
- 3分の短編で、音は現場のピアノそのままで、雰囲気重視で撮影したい。",この前街角でピアノ弾いてた人いてそれ見て思ったんだけどなんかああいうのって日常の中の非日常っていうかそういう感じの映像撮れたらいいなと思っててテーマは都市の奇跡みたいな感じで三分くらいの短編で音は現場のピアノそのままで録って雰囲気重視で撮れたらいいなって,"[0.3395644, -0.8977594, 0.28057817]",True,2025-05-30T07:31:06.275144,2025-05-30T07:31:06.275150
14,ボツ帳の魅力,a,"- アイデア帳の逆機能として「ボツ帳」の存在を提案
- ボツの内容をAIが分析し、再提案してくれる機能が面白い
- 這樣的機能により、後で見返すときに案外使える可能性",あのちょっと思ったんだけどアイデア帳ってあるけど逆にボツ帳ってどうかなって思ってなんかこれダメだってやつをあえてメモっておくアプリであとで見返したときに案外使えるじゃんみたいなこともあると思ってでボツをAIが分析して再提案してくれる機能とか入れると面白いかなっていやないか,"[0.90248555, -0.43066657, 0.006795016]",True,2025-05-30T07:31:19.638053,2025-05-30T07:31:19.638058
